Folder name,Folder color,Latitude,Longitude,Title,Description,Color
Preventivos,#FF0000,43.14199386,-2.039676067,2000843 // BELAUNTZA/POLIGONO,https://preventivos-rgkk.onrender.com/rellenar?title=2000843%20BELAUNTZAPOLIGONO&GS=1,#71b300,BELAUNTZA/POLIGONO BEOTIBAR 3G
Preventivos,#FF0000,43.29853181,-2.365714464,2000031 // DEBA (MOTRICO) EB,https://preventivos-rgkk.onrender.com/rellenar?title=2000031%20DEBA%20(MOTRICO)%20EB&GS=1,#71b300,DEBA (MOTRICO) EB 2G-3G-4G
Preventivos,#FF0000,42.9362424,-2.238108717,2000016 // GAZTELUBERRI,https://preventivos-rgkk.onrender.com/rellenar?title=2000016%20GAZTELUBERRI&GS=1,#71b300,GAZTELUBERRI 2G-4G
Preventivos,#FF0000,43.32990708,-1.825749962,2000395 // IRUN/TRYP,https://preventivos-rgkk.onrender.com/rellenar?title=2000395%20IRUNTRYP&GS=1,#71b300,IRUN/TRYP 2G-3G-4G
Preventivos,#FF0000,43.27775288,-2.339396195,2000033 // ITZIAR CT,https://preventivos-rgkk.onrender.com/rellenar?title=2000033%20ITZIAR%20CT&GS=1,#71b300,ATW-T 63301 ITZIAR CT 2G-3G-4G
Preventivos,#FF0000,43.06180217,-2.342818379,2000042 // LEGAZPIA EB,https://preventivos-rgkk.onrender.com/rellenar?title=2000042%20LEGAZPIA%20EB&GS=1,#71b300,LEGAZPIA EB 2G-3G-4G
Preventivos,#FF0000,43.2981743,-2.065189303,2000011 // MENDIZORROZ ER,https://preventivos-rgkk.onrender.com/rellenar?title=2000011%20MENDIZORROZ%20ER&GS=1,#71b300,MENDIZORROZ ER 2G-3G-4G
Preventivos,#FF0000,43.08363584,-2.313197812,2000736 // ZUMARRAGA/HOSPITAL,https://preventivos-rgkk.onrender.com/rellenar?title=2000736%20ZUMARRAGAHOSPITAL&GS=1,#71b300,ZUMARRAGA/HOSPITAL 3G
Preventivos,#FF0000,43.32107506,-1.980422078,2000174 // PAKEA,https://preventivos-rgkk.onrender.com/rellenar?title=2000174%20PAKEA&GS=1,#71b300,PAKEA 2G-3G-4G
Preventivos,#FF0000,43.27891945,-2.312824058,2000047 // PUERTO ITZIAR,https://preventivos-rgkk.onrender.com/rellenar?title=2000047%20PUERTO%20ITZIAR&GS=1,#71b300,PUERTO ITZIAR 2G-3G-4G
Preventivos,#FF0000,43.32310606,-1.968967852,2000208 // SS/ AV. NAVARRA,https://preventivos-rgkk.onrender.com/rellenar?title=2000208%20SS%20AV.%20NAVARRA&AA=1&AE=1&BT=1&CF=1&GS=1&OC=1&SA=1,#71b300,SS/ AV. NAVARRA 2G-3G-4G
Preventivos,#FF0000,43.32163736,-1.975849616,2000457 // SS/ACTIVA MIRACRUZ,https://preventivos-rgkk.onrender.com/rellenar?title=2000457%20SSACTIVA%20MIRACRUZ&AE=1&BT=1&OC=1&SA=1,#71b300,SS/ACTIVA MIRACRUZ NÂº-10 2G
Preventivos,#FF0000,43.31642873,-1.983434721,2000312 // SS/ALDAPETA,https://preventivos-rgkk.onrender.com/rellenar?title=2000312%20SSALDAPETA&AE=1&BT=1&OC=1&SA=1,#71b300,SS/ALDAPETA 2G
Preventivos,#FF0000,43.3084761,-1.990324144,2000555 // SS/COLEGIO MAYOR AI,https://preventivos-rgkk.onrender.com/rellenar?title=2000555%20SSCOLEGIO%20MAYOR%20AI&AA=1&AE=1&BT=1&CF=1&GS=1&OC=1&SA=1,#71b300,SS/COLEGIO MAYOR AIETE 3G-4G
Preventivos,#FF0000,43.32418644,-1.974943448,2000005 // GROS CT,https://preventivos-rgkk.onrender.com/rellenar?title=2000005%20GROS%20CT&GS=1,#71b300,GROS CT 2G-3G-4G
Preventivos,#FF0000,43.31607202,-1.984834125,2000720 // SS/JUSTICIA SAN MAR,https://preventivos-rgkk.onrender.com/rellenar?title=2000720%20SSJUSTICIA%20SAN%20MAR&AE=1&BT=1&CF=1&GS=1&OC=1&SA=1,#71b300,SS/JUSTICIA SAN MARTIN 41 3G
Preventivos,#FF0000,43.29780215,-1.9687671,2000084 // SS/PLAZA TOROS,https://preventivos-rgkk.onrender.com/rellenar?title=2000084%20SSPLAZA%20TOROS&AA=1&AE=1&BT=1&CF=1&OC=1&SA=1,#71b300,SS/PLAZA TOROS 2G-3G-4G
Preventivos,#FF0000,43.31673866,-1.968816632,2000400 // SS/RIO DEBA,https://preventivos-rgkk.onrender.com/rellenar?title=2000400%20SSRIO%20DEBA&AE=1&BT=1&OC=1&SA=1,#71b300,SS/RIO DEBA 2G
Preventivos,#FF0000,43.30102277,-2.016337201,2000212 // SS/IGARA,https://preventivos-rgkk.onrender.com/rellenar?title=2000212%20SSIGARA&AE=1&BT=1&GS=1&OC=1&SA=1,#71b300,SS/IGARA 2G-3G-4G
Preventivos,#FF0000,43.11571367,-2.413691894,2000037 // BERGARA/BIDEKURUTZE,https://preventivos-rgkk.onrender.com/rellenar?title=2000037%20BERGARABIDEKURUTZE&AA=1&AE=1&BT=1&CF=1&OC=1&SA=1,#71b300,BERGARA/BIDEKURUTZET 2G-3G
Preventivos,#FF0000,43.30408272,-1.877635587,2000071 // MERCA OIARTZUN EB,https://preventivos-rgkk.onrender.com/rellenar?title=2000071%20MERCA%20OIARTZUN%20EB&GS=1,#71b300,MERCA OIARTZUN EB 2G-3G-4G
Preventivos,#FF0000,43.34998117,-1.787335204,2000176 // IRUN/RENFE,https://preventivos-rgkk.onrender.com/rellenar?title=2000176%20IRUNRENFE&AA=1&AE=1&BT=1&CF=1&GS=1&OC=1&SA=1,#71b300,IRUN/RENFE 2G-3G-4G
Preventivos,#FF0000,43.06577208,-2.20402934,2000001 // BEASAIN EB,https://preventivos-rgkk.onrender.com/rellenar?title=2000001%20BEASAIN%20EB&AE=1&CF=1&SA=1,#71b300,BEASAIN EB 2G-3G-4G
Preventivos,#FF0000,43.29613843,-2.007564905,2000211 // SS/ZUATZU,https://preventivos-rgkk.onrender.com/rellenar?title=2000211%20SSZUATZU&GS=1,#71b300,SS/ZUATZU 2G-3G-4G
Preventivos,#FF0000,43.25253106,-2.23701302,2000827 // ZESTONA/TXIRIBOGA G,https://preventivos-rgkk.onrender.com/rellenar?title=2000827%20ZESTONATXIRIBOGA%20G&GS=1,#71b300,ZESTONA/TXIRIBOGA GONVARRI 3G
Preventivos,#FF0000,43.29233992,-1.969142978,2000719 // SS/HOSPITAL ARANZAZ,https://preventivos-rgkk.onrender.com/rellenar?title=2000719%20SSHOSPITAL%20ARANZAZ&AE=1&BT=1&CF=1&GS=1&OC=1&SA=1,#71b300,SS/HOSPITAL ARANZAZU 2G-3G-4G
Preventivos,#FF0000,43.180277777777775,-2.4860555555555557,2001051 // EIBAR/HOSPITAL,https://preventivos-rgkk.onrender.com/rellenar?title=2001051%20EIBARHOSPITAL&GS=1,#71b300,EIBAR/OTAOLA 25 2G-3G-4G
Preventivos,#FF0000,0,0,2000343 // EIBAR/ALFA LAN,https://preventivos-rgkk.onrender.com/rellenar?title=2000343%20EIBARALFA%20LAN&GS=1,#FF0000
Preventivos,#FF0000,0,0,4800758 // GERNIKA/TXAPORTA,https://preventivos-rgkk.onrender.com/rellenar?title=4800758%20GERNIKATXAPORTA&AA=1&AE=1&BT=1&CF=1&OC=1&SA=1,#FF0000
Preventivos,#FF0000,0,0,2000269 // AZPEITIA/IRURENA,https://preventivos-rgkk.onrender.com/rellenar?title=2000269%20AZPEITIAIRURENA&AE=1&BT=1&GS=1&OC=1&SA=1,#FF0000
Preventivos,#FF0000,43.1844295,-2.478584473,2000647 // EIBAR/CORTE INGLES,https://preventivos-rgkk.onrender.com/rellenar?title=2000647%20EIBARCORTE%20INGLES&GS=1,#71b300
Preventivos,#FF0000,43.31127979,-1.994778324,2000143 // SS/HOTEL COSTA VASC,https://preventivos-rgkk.onrender.com/rellenar?title=2000143%20SSHOTEL%20COSTA%20VASC&GS=1,#71b300
Preventivos,#FF0000,43.31703237,-1.983473978,2000287 // SS/SAN MARTIN Nº-42,https://preventivos-rgkk.onrender.com/rellenar?title=2000287%20SSSAN%20MARTIN%20Nº-42&GS=1,#71b300
Preventivos,#FF0000,43.24597857,-2.269059935,2000099 // ZESTONA EB,https://preventivos-rgkk.onrender.com/rellenar?title=2000099%20ZESTONA%20EB&AA=1&AE=1&BT=1&CF=1&GS=1&OC=1&SA=1,#71b300
